INSERT INTO Washrooms (washroomId, category, street, onCall, washroomName, longitude, latitude, openHour, closeHour) VALUES
(1, 'Comfort Station', 'TRILLIUM DR', FALSE, 'Huron Natural Area Comfort Station', -80.4819594035969, 43.3984077313743, 7, 20),
(2, 'Comfort Station', 'BARWOOD CRES', FALSE, 'McLennan Park Comfort Station', -80.4862696307018, 43.417479403436, 7, 20),
(3, 'Comfort Station', 'MAPLEWOOD PL', FALSE, 'Breithaupt Park Comfort Station', -80.495904861268, 43.4702911256744, 7, 20),
(4, 'Comfort Station', 'SCHNEIDER AVE', TRUE, 'Victoria Park Comfort Station Pavilion', -80.4991974734409, 43.445158231938, 7, 20),
(5, 'Comfort Station', 'DAVID ST', TRUE, 'Victoria Park Comfort Station Jubilee', -80.4939821409826, 43.4475217273846, 7, 20),
(6, 'Comfort Station', 'WILSON AVE', TRUE, 'Wilson Pool Comfort Station', -80.4581748222863, 43.4290474401265, 7, 20),
(7, 'Comfort Station', NULL, TRUE, 'Doon Valley Golf Comfort Station', -80.3957967541334, 43.3944751462039, 8, 18),
(8, 'Comfort Station', 'KIWANIS PARK DR', FALSE, 'Kiwanis Park Comfort Station/ Changerooms', -80.4759371389818, 43.5028618047417, 8, 22),
(9, 'Comfort Station', 'UNION ST', FALSE, 'Breithaupt Park Comfort Station', -80.4969428092551, 43.4666696336657, NULL, NULL),
(10, 'Comfort Station', 'COURTLAND AVE E', TRUE, 'Rockway Golf Comfort Station', -80.4723099685291, 43.4333778151583, 8, 18),
(321, 'Comfort Station', 'THE BOARDWALK', FALSE, 'Splash Circle Wash And Change Rooms', -80.5618813890446, 43.4360896583187, 12, 24),
(641, 'Comfort Station', 'FISCHER HALLMAN RD', FALSE, 'Schlegel Park - Heritage Comfort Station', -80.4900465888992, 43.3800656834098, 6, 22),
(961, 'Portable', 'FAIRFIELD AVE', FALSE, 'Breithaupt Park', -80.4948299783829, 43.466742208889, NULL, NULL),
(962, 'Portable', 'UNION ST', FALSE, 'Breithaupt Park', -80.4955121069251, 43.4675193445472, NULL, NULL),
(963, 'Portable', 'RIDGEWOOD AVE', FALSE, 'Breithaupt Park', -80.4938479165014, 43.4670378922418, NULL, NULL),
(964, 'Portable', 'BRIDGE ST E', FALSE, 'Joe Thompson Park', -80.4807908807561, 43.4808105472135, NULL, NULL),
(965, 'Portable', 'BRIDGE ST E', FALSE, 'Bridgeport Sportsfield (Grca)', -80.4780601701163, 43.4796196974512, NULL, NULL),
(966, 'Portable', 'BRIDGE ST E', FALSE, 'Bridgeport Sportsfield (Grca)', -80.4755185862371, 43.4792563332383, NULL, NULL),
(967, 'Portable', 'HOMER WATSON BLVD', FALSE, 'Budd Park', -80.4539498322974, 43.4020152241886, NULL, NULL),
(968, 'Portable', 'PARK ST', FALSE, 'Cherry Park', -80.5067983822132, 43.4501974205109, NULL, NULL),
(969, 'Portable', 'PARKLAND CRES', FALSE, 'Driftwood Park', -80.5374572695126, 43.413504265671, NULL, NULL),
(970, 'Portable', 'VICTORIA ST S', FALSE, 'Eastforest Park', -80.5373344828051, 43.4335841336197, NULL, NULL),
(971, 'Portable', 'VILLAGE RD', FALSE, 'Forest Hill Park', -80.5085120408454, 43.4251405593055, NULL, NULL),
(972, 'Portable', 'FRANKLIN ST N', FALSE, 'Franklin Park', -80.4469946796837, 43.4430284080555, NULL, NULL),
(973, 'Portable', 'VICTORIA ST S', FALSE, 'Greengable Park', -80.5425803105991, 43.4325706806859, NULL, NULL),
(974, 'Portable', 'CHOPIN DR', FALSE, 'Gzowski Park', -80.5242411786061, 43.4433273720008, NULL, NULL),
(975, 'Portable', 'CAMEO DR', FALSE, 'Hofstetter Park', -80.4224377716224, 43.4243612363367, NULL, NULL),
(976, 'Portable', NULL, FALSE, 'Idlewood Park', -80.43748421244, 43.4387804628406, NULL, NULL),
(977, 'Portable', 'STIRLING AVE N', FALSE, 'Knollwood Park', -80.4711619766433, 43.4473783688014, NULL, NULL),
(978, 'Portable', 'FRANKLIN ST N', FALSE, 'Midland Park', -80.4488414373731, 43.4467855501247, NULL, NULL),
(993, 'Portable', 'MORRISON RD', FALSE, 'Morrison Park', -80.4148125413421, 43.4307196962833, NULL, NULL),
(994, 'Portable', 'LENNOX LEWIS WAY', FALSE, 'Peter Hallman Ball Yard', -80.4663369013397, 43.4232354709255, NULL, NULL),
(995, 'Portable', 'LENNOX LEWIS WAY', FALSE, 'Peter Hallman Ball Yard', -80.4664090805272, 43.4232048362082, NULL, NULL),
(996, 'Portable', 'QUEENS BLVD', FALSE, 'Queensmount Park', -80.5138702985924, 43.4324188513195, NULL, NULL),
(997, 'Portable', 'RITTENHOUSE RD', FALSE, 'Rittenhouse Park', -80.4922964578005, 43.4072291896462, NULL, NULL),
(998, 'Portable', 'ACTIVA AVE', FALSE, 'Voisin Park', -80.5138524796727, 43.4073476760149, NULL, NULL),
(999, 'Portable', 'EDNA ST', FALSE, 'Weber Park', -80.4737379341431, 43.4585849479791, NULL, NULL),
(1000, 'Portable', 'WESTHEIGHTS DR', FALSE, 'Westheights Park', -80.5340929841187, 43.4199302369442, NULL, NULL),
(1001, 'Portable', 'BUTTONWOOD DR', FALSE, 'Southridge School Ball Diamond', -80.5176498703979, 43.4286858378094, NULL, NULL),
(1002, 'Portable', 'BYRON AVE', FALSE, 'Wilson Avenue School Ball Diamond', -80.4547476221248, 43.425573116899, NULL, NULL),
(1003, 'Portable', 'PIONEER DR', FALSE, 'Biehn Park', -80.4360636511709, 43.393397298185, NULL, NULL),
(1004, 'Portable', 'PIONEER DR', FALSE, 'Carlyle Park', -80.4508798468291, 43.3919193014065, NULL, NULL),
(1005, 'Portable', 'EUGENE GEORGE WAY', FALSE, 'Kitchener Memorial Auditorium Complex Sportsfield', -80.4648873035539, 43.4475359285695, NULL, NULL),
(1006, 'Portable', 'EUGENE GEORGE WAY', FALSE, 'Kitchener Memorial Auditorium Complex Sportsfield', -80.4647793384892, 43.4475425700486, NULL, NULL),
(1009, 'Portable', 'HURON RD', FALSE, 'Huron Heights Secondary School', -80.4647027715318, 43.3943631880941, NULL, NULL),
(1010, 'Portable', 'STIRLING AVE S', FALSE, 'Kaufman Park', -80.4879422685968, 43.4385697412585, NULL, NULL),
(1011, 'Portable', 'KIWANIS PARK DR', FALSE, 'Kiwanis Park', -80.4753681305869, 43.5011799508114, NULL, NULL),
(1012, 'Portable', 'KIWANIS PARK DR', FALSE, 'Kiwanis Park', -80.47529600708, 43.5011939141522, NULL, NULL),
(1013, 'Portable', 'HOMER WATSON BLVD', FALSE, 'Meinzinger Park', -80.4933693723093, 43.4295193202924, NULL, NULL),
(1014, 'Portable', 'HOMER WATSON BLVD', FALSE, 'Meinzinger Park', -80.4933000339834, 43.4295041234154, NULL, NULL),
(1015, 'Portable', 'RESURRECTION DR', FALSE, 'Resurrection High School Soccer Field', -80.5467032749882, 43.4390505213897, NULL, NULL),
(1016, 'Portable', 'RESURRECTION DR', FALSE, 'Resurrection High School Soccer Field', -80.5466049940217, 43.4390769342015, NULL, NULL),
(1017, 'Portable', 'CLARK AVE', FALSE, 'Wilson Park', -80.4577103609638, 43.4272547756249, NULL, NULL),
(1018, 'Portable', 'HIGHLAND RD E', FALSE, 'Woodside Park', -80.4960964299143, 43.440412718897, NULL, NULL),
(1019, 'Portable', 'HIGHLAND RD E', FALSE, 'Woodside Park', -80.495999789933, 43.440383080109, NULL, NULL),
(1281, 'Portable', 'HOMER WATSON BLVD', FALSE, 'Budd Park', -80.4557157078814, 43.4034895078631, NULL, NULL),
(1282, 'Portable', 'HOMER WATSON BLVD', FALSE, 'Budd Park', -80.4556776425212, 43.4033621589259, NULL, NULL),
(1283, 'Portable', 'HURON RD', FALSE, 'Rbj Schlegel Park', -80.4923113580477, 43.3791201556967, NULL, NULL),
(1284, 'Portable', 'HURON RD', FALSE, 'Rbj Schlegel Park', -80.4922978423879, 43.379077167782, NULL, NULL),
(1285, 'Portable', 'FISCHER HALLMAN RD', FALSE, 'Rbj Schlegel Park', -80.4895864924648, 43.3802830662222, NULL, NULL),
(1286, 'Portable', 'FISCHER HALLMAN RD', FALSE, 'Rbj Schlegel Park', -80.4900633206697, 43.3799773827502, NULL, NULL),
(1287, 'Portable', 'RITTENHOUSE RD', FALSE, 'Lions Park', -80.4841693788062, 43.4125231076853, NULL, NULL),
(1288, 'Portable', 'RITTENHOUSE RD', FALSE, 'Lions Park', -80.4840528504918, 43.4120659085231, NULL, NULL),
(1289, 'Portable', 'RITTENHOUSE RD', FALSE, 'Lions Park', -80.4840394779216, 43.4120243945471, NULL, NULL),
(1290, 'Portable', 'BLOCK LINE RD', FALSE, 'Lions Park', -80.4848864375853, 43.4123887523428, NULL, NULL),
(1601, 'Portable', NULL, FALSE, 'Budd Park', -80.4544516015823, 43.4008438019908, NULL, NULL),
(1602, 'Portable', 'BARWOOD CRES', FALSE, 'Mclennan Park', -80.4862061112842, 43.4175874888464, NULL, NULL),
(1603, 'Portable', 'KEHL ST', FALSE, 'Queen Elizabeth School Ball Diamond', -80.4849374760913, 43.4304965569287, NULL, NULL),
(1604, 'Portable', 'CROSBY DR', FALSE, 'Crosby Park', -80.4485455122513, 43.4519066977854, NULL, NULL),
(1605, 'Portable', 'BELLEVIEW AVE', FALSE, 'Smithson Public School', -80.4616431240733, 43.4542415299468, NULL, NULL),
(1606, 'Portable', 'PIONEER DR', FALSE, 'Upper Canada Park', -80.4342109015132, 43.3949127115996, NULL, NULL),
(1921, 'City Facility Washroom', 'COURTLAND AVE E', NULL, 'Peter Hallman Ball Yard', -80.4668366966715, 43.4239908707471, 8, 23),
(2241, 'Community Centre Washroom', 'TYSON DR', TRUE, 'Bridgeport Community Centre', -80.4778003987863, 43.4828006947962, 9, 16.5),
(2242, 'Community Centre Washroom', 'MARGARET AVE', TRUE, 'Breithaupt Community Centre Washroom', -80.4960835373421, 43.4663034031978, 8, 21),
(2243, 'City Facility Washroom', 'YOUNG ST', NULL, 'Kitchener City Hall', -80.4923898639203, 43.4517926328766, NULL, NULL),
(2244, 'Community Centre Washroom', 'ONTARIO ST N', TRUE, 'Downtown Community Centre', -80.4893653851754, 43.4520853204576, 8.5, 16),
(2245, 'City Facility Washroom', 'EUGENE GEORGE WAY', TRUE, 'Kitchener Memorial Auditorium Complex', -80.4669713867071, 43.4472134516898, 8, 16),
(2246, 'Community Centre Washroom', 'MIDLAND DR', TRUE, 'Stanley Park Community Centre', -80.4486432868187, 43.448374414608, 9, 21),
(2247, 'Community Centre Washroom', 'KING ST E', TRUE, 'Rockway Centre Washroom', -80.4666044615319, 43.4396797417204, 8.5, 16.5),
(2248, 'Community Centre Washroom', 'MORGAN AVE', TRUE, 'Centreville Chicopee Community Centre', -80.4296445678691, 43.4286769926678, 9, 21),
(2249, 'City Facility Washroom', NULL, TRUE, 'Sportsworld Arena', -80.3963979140703, 43.411332144887, 8, 16),
(2250, 'City Facility Washroom', 'GOODRICH DR', NULL, 'Kitchener Operation Facility', -80.4375542941093, 43.4139011149075, NULL, NULL),
(2251, 'City Facility Washroom', 'HOMER WATSON BLVD', TRUE, 'Activa Sportsplex', -80.4712593489143, 43.4222059895464, 8, 16),
(2252, 'Community Centre Washroom', 'STIRLING AVE S', TRUE, 'Mil Courtland Community Centre', -80.4873854278294, 43.4382238570883, 9, 16),
(2253, 'Community Centre Washroom', 'CHOPIN DR', TRUE, 'Victoria Hills Community Centre', -80.52356479022, 43.4438383489869, 9, 20),
(2254, 'Community Centre Washroom', 'QUEENS BLVD', TRUE, 'Forest Heights Community Centre', -80.5279160510658, 43.4277235991392, 9, 22),
(2255, 'Library Washroom', 'FISCHER HALLMAN RD', TRUE, 'K.P.L. - Forest Heights Community Library', -80.5233263559141, 43.4263177347413, 10, 18),
(2256, 'Community Centre Washroom', 'FISCHER HALLMAN RD', TRUE, 'Forest Heights  Community Centre', -80.5232956147616, 43.4261678157106, 9, 22),
(2561, 'Community Centre Washroom', 'CHANDLER DR', TRUE, 'Chandler Mowat Community Centre', -80.5000987921771, 43.4226608371865, 12, 16),
(2562, 'Community Centre Washroom', 'RITTENHOUSE RD', TRUE, 'Country Hills Community Centre', -80.4830264205584, 43.4112844833541, 9, 21),
(2563, 'Library Washroom', 'HANOVER ST', FALSE, 'K.P.L. - Country Hills Community Library', -80.4678138553632, 43.4201945321271, 10, 18),
(2564, 'City Facility Washroom', 'HERITAGE DR', FALSE, 'Lyle Hallman Pool', -80.4345314005563, 43.4569093152016, 8, 21),
(2565, 'Community Centre Washroom', 'PIONEER DR', TRUE, 'Doon Pioneer Park Community Centre', -80.4369706234182, 43.3942117572257, 10, 18),
(2566, 'Community Centre Washroom', 'MAX BECKER DR', TRUE, 'Williamsburg Community Service', -80.501918529868, 43.4054362873529, 9, 16),
(2881, 'Community Centre Washroom', 'SHELLEY DR', FALSE, 'Kingsdale CC Restroom', -80.4589408478226, 43.4293744264322, 9, 17),
(2882, 'Community Centre Washroom', 'HERITAGE DR', FALSE, 'Grand River Recreation Complex Restroom', -80.4333079305674, 43.4559155619138, 6.5, 22),
(2883, 'Portable', NULL, FALSE, 'Budd Park Soccer Field 1', -80.4532419836657, 43.4008242862078, 8, 14),
(2884, 'Portable', 'HOMER WATSON BLVD', NULL, 'Budd Park', -80.4539473263634, 43.4019909119626, 7, 17);

INSERT INTO Forms (washroomId, formId, waitTime, cleanliness, gender, formTimestamp) VALUES
(1, 0, 160.00, NULL, 'Other', '2024-03-17 12:35:31.313'),
(2, 1, 120.50, 2, 'Female', '2023-04-10 15:18:31.313'),
(1, 2, 60.23, 2, 'Female', '2020-11-05 19:35:31.313'),
(4, 3, 0.00, 2, 'Male', '2024-01-20 20:35:31.313'),
(1, 4, 30.10, 2, 'Female', '2024-09-15 10:35:31.313'),
(973, 5, 45.76, 4, 'Male', '2023-08-17 08:45:31.313'),
(2256, 6, 90.25, 3, 'Female', '2023-10-22 14:20:31.313'),
(1603, 7, 15.00, 5, 'Male', '2022-05-19 11:55:31.313'),
(998, 8, 120.00, 2, 'Other', '2023-12-10 19:10:31.313'),
(2249, 9, 60.50, 1, 'Female', '2024-02-01 17:30:31.313'),
(2251, 10, 30.50, 3, 'Male', '2023-06-05 09:15:31.313'),
(1285, 11, 75.80, 4, 'Female', '2022-11-11 13:40:31.313'),
(1606, 12, 0.75, 5, 'Male', '2024-04-30 16:25:31.313'),
(998, 13, 240.00, 1, 'Female', '2023-09-22 18:00:31.313'),
(2250, 14, 45.25, 2, 'Male', '2022-07-15 10:55:31.313'),
(2255, 15, 180.50, 3, 'Female', '2023-03-28 12:30:31.313'),
(1604, 16, 15.20, 4, 'Male', '2024-01-10 14:45:31.313'),
(2884, 17, 90.00, 5, 'Other', '2023-10-01 19:20:31.313'),
(2563, 18, 60.75, 1, 'Female', '2023-11-05 17:10:31.313'),
(1004, 19, 120.50, 2, 'Male', '2024-05-12 08:35:31.313'),
(964, 20, 45.25, 3, 'Female', '2022-12-15 11:50:31.313'),
(993, 21, 30.00, 4, 'Male', '2023-04-18 13:15:31.313'),
(641, 22, 300.00, 5, 'Other', '2023-07-20 16:40:31.313'),
(1287, 23, 90.25, 1, 'Female', '2024-02-27 18:05:31.313'),
(1015, 24, 15.50, 2, 'Male', '2023-08-10 09:30:31.313'),
(2253, 25, 60.75, 3, 'Female', '2024-01-03 12:55:31.313'),
(2252, 26, 120.00, 4, 'Male', '2023-05-25 14:20:31.313'),
(321, 27, 45.00, 5, 'Other', '2023-11-28 17:45:31.313'),
(2243, 28, 22.50, 1, 'Female', '2022-12-30 19:10:31.313'),
(973, 29, 180.75, 2, 'Male', '2023-04-02 08:35:31.313'),
(1009, 30, 0.50, 3, 'Female', '2024-03-17 11:00:31.313'),
(1283, 31, 75.25, 4, 'Male', '2022-09-15 13:25:31.313'),
(1601, 32, 150.00, NULL, 'Other', '2023-06-18 15:50:31.313'),
(2254, 33, 30.75, 1, 'Female', '2023-08-21 18:15:31.313'),
(1005, 34, 60.00, 2, 'Male', '2024-01-14 09:40:31.313'),
(998, 35, 90.50, 3, 'Female', '2023-11-06 12:05:31.313'),
(2256, 36, 120.00, 4, 'Male', '2023-05-08 14:30:31.313'),
(1603, 37, 45.25, 5, 'Other', '2023-01-01 17:55:31.313'),
(2245, 38, 15.75, 1, 'Female', '2024-04-03 10:20:31.313'),
(1010, 39, 60.50, 2, 'Male', '2023-09-26 08:45:31.313'),
(1282, 40, 180.00, 3, 'Female', '2022-07-29 11:10:31.313'),
(1288, 41, 30.25, 4, 'Male', '2023-03-22 13:35:31.313'),
(1006, 42, 75.75, 5, 'Other', '2024-02-25 16:00:31.313'),
(964, 43, 90.00, 1, 'Female', '2023-12-09 18:25:31.313'),
(1605, 44, 45.50, 2, 'Male', '2023-06-10 09:50:31.313'),
(993, 45, 22.75, 3, 'Female', '2023-01-13 12:15:31.313'),
(2251, 46, 150.00, 4, 'Male', '2024-05-16 14:40:31.313'),
(2246, 47, 0.75, 5, 'Other', '2023-08-18 17:05:31.313'),
(1004, 48, 120.50, 1, 'Female', '2023-10-22 19:30:31.313'),
(1604, 49, 45.25, 2, 'Male', '2023-03-25 09:55:31.313'),
(1286, 50, 30.00, 3, 'Female', '2023-07-28 11:20:31.313'),
(1016, 51, 300.00, 4, 'Male', '2024-01-31 13:45:31.313'),
(2250, 52, 90.25, 5, 'Other', '2022-09-02 16:10:31.313'),
(993, 53, 15.50, 1, 'Female', '2023-11-05 18:35:31.313'),
(2255, 54, 60.75, 2, 'Male', '2023-01-07 08:00:31.313'),
(1603, 55, 120.00, 3, 'Other', '2024-05-10 10:25:31.313'),
(641, 56, 45.75, 4, 'Female', '2023-04-12 12:50:31.313'),
(1287, 57, 180.50, 5, 'Male', '2023-08-15 15:15:31.313'),
(2244, 58, 60.25, 1, 'Other', '2023-12-17 17:40:31.313'),
(2252, 59, 75.00, 2, 'Female', '2022-11-20 19:05:31.313'),
(321, 60, 30.50, 3, 'Male', '2023-02-22 08:30:31.313'),
(973, 61, 150.00, 4, 'Other', '2024-01-25 10:55:31.313'),
(1009, 62, 15.25, 5, 'Female', '2023-05-29 13:20:31.313'),
(1283, 63, 60.75, 1, 'Male', '2022-12-01 15:45:31.313'),
(1601, 64, 120.00, 2, 'Other', '2023-04-05 18:10:31.313'),
(2254, 65, 45.25, 3, 'Female', '2023-07-08 09:35:31.313'),
(1005, 66, 0.50, 4, 'Male', '2023-12-10 11:00:31.313'),
(998, 67, 180.75, 5, 'Other', '2023-09-12 13:25:31.313'),
(2256, 68, 30.00, 1, 'Female', '2022-09-15 15:50:31.313'),
(1603, 69, 75.25, 2, 'Male', '2023-02-16 17:15:31.313'),
(2245, 70, 150.00, 3, 'Other', '2023-04-19 19:40:31.313'),
(1010, 71, 30.75, 4, 'Female', '2024-01-22 08:05:31.313'),
(1282, 72, 90.00, 5, 'Male', '2023-06-25 10:30:31.313'),
(1288, 73, 45.50, 1, 'Other', '2023-09-28 12:55:31.313'),
(1006, 74, 22.75, 2, 'Female', '2022-12-30 15:20:31.313'),
(964, 75, 300.00, 3, 'Male', '2023-08-02 17:45:31.313'),
(1605, 76, 90.25, 4, 'Other', '2024-02-05 19:10:31.313'),
(993, 77, 15.50, 5, 'Female', '2023-03-09 09:35:31.313'),
(2251, 78, 60.00, 1, 'Male', '2023-11-12 11:00:31.313'),
(2246, 79, 120.50, 2, 'Other', '2024-05-15 13:25:31.313'),
(1004, 80, 45.25, 3, 'Female', '2023-12-18 15:50:31.313'),
(1604, 81, 0.75, 4, 'Male', '2023-03-21 18:15:31.313'),
(1286, 82, 120.00, 5, 'Other', '2023-07-23 08:40:31.313'),
(1016, 83, 45.25, 1, 'Female', '2023-05-25 10:05:31.313'),
(2250, 84, 30.00, 2, 'Male', '2023-01-28 12:30:31.313'),
(993, 85, 180.75, 3, 'Other', '2024-02-29 14:55:31.313'),
(2255, 86, 15.50, 4, 'Female', '2023-07-04 17:20:31.313'),
(1603, 87, 60.75, NULL, 'Male', '2022-09-05 19:45:31.313'),
(2243, 88, 150.00, NULL, 'Other', '2023-11-08 08:10:31.313'),
(973, 89, 30.75, 2, 'Female', '2024-03-11 10:35:31.313'),
(1009, 90, 75.00, 3, 'Male', '2023-05-14 12:55:31.313'),
(1283, 91, 45.50, 4, 'Other', '2023-08-17 15:20:31.313'),
(1601, 92, 22.75, 5, 'Female', '2023-12-19 17:45:31.313'),
(2254, 93, 300.00, 1, 'Male', '2023-04-22 19:10:31.313'),
(1005, 94, 90.25, 2, 'Other', '2022-12-25 08:35:31.313'),
(998, 95, 45.25, 3, 'Female', '2023-02-27 10:55:31.313'),
(2256, 96, 0.50, 4, 'Male', '2023-07-01 13:20:31.313'),
(1603, 97, 120.50, 5, 'Other', '2024-01-04 15:45:31.313'),
(2245, 98, 45.75, 1, 'Female', '2023-03-09 18:10:31.313'),
(1010, 99, 15.00, 2, 'Male', '2023-11-12 09:35:31.313'),
(1282, 100, 180.00, 3, 'Other', '2023-04-15 11:00:31.313'),
(1288, 101, 30.25, 4, 'Female', '2022-09-17 13:25:31.313'),
(1006, 102, 75.75, NULL, 'Male', '2023-01-19 15:50:31.313'),
(964, 103, 90.00, NULL, 'Other', '2023-04-22 18:15:31.313'),
(1605, 104, 45.50, 2, 'Female', '2023-07-26 10:40:31.313'),
(993, 105, 22.75, 3, 'Male', '2023-12-28 13:05:31.313'),
(2251, 106, 150.00, 4, 'Other', '2023-09-30 15:30:31.313'),
(2246, 107, 30.75, 5, 'Female', '2023-06-02 17:55:31.313'),
(1004, 108, 60.00, 1, 'Male', '2023-01-05 09:20:31.313'),
(1604, 109, 120.50, 2, 'Other', '2024-03-10 11:45:31.313'),
(1286, 110, 45.25, 3, 'Female', '2023-05-13 14:10:31.313'),
(1016, 111, 0.75, 4, 'Male', '2022-11-16 16:35:31.313'),
(2250, 112, 120.00, 5, 'Other', '2023-04-19 18:00:31.313'),
(993, 113, 45.25, 1, 'Female', '2023-06-22 09:25:31.313'),
(2255, 114, 0.50, 2, 'Male', '2023-10-25 11:50:31.313'),
(1603, 115, 180.75, 3, 'Other', '2024-02-26 14:15:31.313'),
(2243, 116, 15.50, 4, 'Female', '2023-05-30 17:40:31.313'),
(973, 117, 60.75, 5, 'Male', '2023-08-03 19:05:31.313'),
(1009, 118, 150.00, 1, 'Other', '2023-12-05 08:30:31.313'),
(1283, 119, 30.00, NULL, 'Female', '2023-03-08 10:55:31.313'),
(1601, 120, 75.25, 3, 'Male', '2023-07-11 13:20:31.313'),
(1, 121, 45.25, 3, 'Female', '2023-05-15 09:30:31.313'),
(1, 122, 90.75, 2, 'Male', '2023-08-18 12:55:31.313'),
(1, 123, 22.50, 4, 'Female', '2023-11-21 16:20:31.313'),
(1, 124, 180.00, 1, 'Male', '2024-01-24 19:45:31.313'),
(1, 125, 60.25, 5, 'Female', '2022-12-28 08:10:31.313'),
(1, 126, 30.50, 3, 'Male', '2023-03-01 10:35:31.313'),
(1, 127, 120.75, NULL, 'Female', '2023-06-04 14:00:31.313'),
(1, 128, 15.00, 4, 'Male', '2023-09-07 17:25:31.313'),
(1, 129, 75.00, 1, 'Female', '2023-10-10 19:50:31.313'),
(1, 130, 45.25, 5, 'Male', '2022-11-13 11:15:31.313'),
(1, 131, 0.75, 3, 'Female', '2023-02-16 13:40:31.313'),
(1, 132, 150.00, 2, 'Male', '2023-07-19 16:05:31.313');

INSERT INTO Forms (washroomId, formId, waitTime, cleanliness, gender, formTimestamp) VALUES
(1, 133, 142.56, 4, 'Male', '2024-05-21 14:23:45.123'),
(1, 134, 83.47, 3, 'Female', '2023-11-30 08:12:31.456'),
(1, 135, 75.90, 5, 'Other', '2021-07-16 09:35:21.789'),

(2, 136, 54.34, 2, 'Female', '2023-09-12 16:24:11.313'),
(2, 137, 95.27, 4, 'Male', '2022-03-08 12:35:44.667'),
(2, 138, 110.55, 3, 'Other', '2020-12-19 18:45:31.890'),

(3, 139, 40.15, 1, 'Male', '2024-06-03 20:55:15.213'),
(3, 140, 80.65, 5, 'Female', '2022-02-27 14:10:35.456'),
(3, 141, 120.78, 3, 'Other', '2021-08-10 07:30:55.789'),

(4, 142, 32.40, 4, 'Male', '2023-01-15 22:30:11.123'),
(4, 143, 67.25, 2, 'Female', '2022-05-11 11:45:22.456'),
(4, 144, 75.80, 5, 'Other', '2020-10-09 15:55:35.789'),

(5, 145, 99.23, 3, 'Male', '2024-04-23 10:15:55.213'),
(5, 146, 50.40, 4, 'Female', '2023-08-07 17:05:32.456'),
(5, 147, 112.75, 2, 'Other', '2022-06-14 09:25:44.789'),

(6, 148, 20.30, 1, 'Male', '2021-03-22 12:14:19.123'),
(6, 149, 130.45, 4, 'Female', '2020-11-29 19:18:31.456'),
(6, 150, 60.22, 5, 'Other', '2022-01-03 21:30:44.789');

INSERT INTO Forms (washroomId, formId, waitTime, cleanliness, gender, formTimestamp) VALUES
(7, 151, 74.32, 2, 'Female', '2023-07-19 13:15:30.543'),
(7, 152, 92.18, 5, 'Male', '2021-05-25 16:25:40.678'),
(7, 153, 110.67, 4, 'Other', '2022-10-11 08:45:50.123'),

(8, 154, 30.75, 3, 'Female', '2020-04-12 09:30:55.321'),
(8, 155, 67.89, 1, 'Male', '2024-01-17 12:40:45.456'),
(8, 156, 88.12, 4, 'Other', '2022-11-08 14:50:35.789'),

(9, 157, 120.54, 2, 'Female', '2021-09-03 15:55:25.213'),
(9, 158, 45.90, 5, 'Male', '2023-02-27 19:05:15.456'),
(9, 159, 76.34, 3, 'Other', '2020-06-10 21:15:05.789'),

(10, 160, 35.76, 1, 'Female', '2022-03-23 23:25:55.213'),
(10, 161, 68.90, 4, 'Male', '2023-12-31 07:35:45.456'),
(10, 162, 115.12, 2, 'Other', '2021-01-01 11:45:35.789'),

(321, 163, 55.45, 3, 'Female', '2022-05-14 08:55:15.213'),
(321, 164, 77.67, 5, 'Male', '2023-08-22 13:05:25.456'),
(321, 165, 98.34, 4, 'Other', '2021-12-07 16:15:35.789'),

(641, 166, 110.50, 2, 'Female', '2020-11-19 17:25:45.213'),
(641, 167, 43.32, 3, 'Male', '2024-02-28 20:35:55.456'),
(641, 168, 65.89, 5, 'Other', '2022-04-30 22:45:05.789'),

(961, 169, 30.12, 1, 'Female', '2023-10-11 09:55:15.213'),
(961, 170, 85.45, 4, 'Male', '2021-06-29 12:05:25.456'),
(961, 171, 112.23, 2, 'Other', '2020-09-15 14:15:35.789');

INSERT INTO Forms (washroomId, formId, waitTime, cleanliness, gender, formTimestamp) VALUES
(962, 172, 45.67, 4, 'Female', '2024-02-15 12:23:45.213'),
(962, 173, 98.34, 3, 'Male', '2023-05-21 14:35:55.456'),
(962, 174, 120.90, 5, 'Other', '2021-11-11 16:45:35.789'),

(963, 175, 75.12, 2, 'Female', '2022-08-08 09:15:25.213'),
(963, 176, 67.45, 1, 'Male', '2020-10-22 11:25:45.456'),
(963, 177, 34.78, 4, 'Other', '2023-04-19 13:35:55.789'),

(964, 178, 89.56, 3, 'Female', '2021-07-13 15:45:05.213'),
(964, 179, 110.23, 5, 'Male', '2022-12-27 17:55:15.456'),
(964, 180, 45.67, 2, 'Other', '2023-03-30 19:05:25.789'),

(965, 181, 60.34, 4, 'Female', '2024-06-15 08:15:35.213'),
(965, 182, 78.45, 1, 'Male', '2020-11-19 10:25:45.456'),
(965, 183, 120.12, 5, 'Other', '2022-05-22 12:35:55.789'),

(966, 184, 95.78, 3, 'Female', '2023-09-25 14:45:05.213'),
(966, 185, 45.67, 4, 'Male', '2021-01-31 16:55:15.456'),
(966, 186, 67.89, 2, 'Other', '2020-04-05 18:05:25.789'),

(967, 187, 34.12, 5, 'Female', '2022-07-29 20:15:35.213'),
(967, 188, 110.56, 1, 'Male', '2023-02-09 22:25:45.456'),
(967, 189, 98.34, 3, 'Other', '2021-10-17 08:35:55.789'),

(968, 190, 78.12, 2, 'Female', '2024-03-03 09:45:05.213'),
(968, 191, 45.67, 4, 'Male', '2022-11-15 11:55:15.456'),
(968, 192, 120.89, 5, 'Other', '2023-01-25 13:05:25.789'),

(969, 193, 60.34, 3, 'Female', '2020-06-12 15:15:35.213'),
(969, 194, 89.78, 2, 'Male', '2021-09-19 17:25:45.456'),
(969, 195, 45.67, 1, 'Other', '2022-04-08 19:35:55.789'),

(970, 196, 34.12, 4, 'Female', '2023-05-23 21:45:05.213'),
(970, 197, 110.45, 5, 'Male', '2020-12-30 23:55:15.456'),
(970, 198, 78.23, 3, 'Other', '2021-03-19 08:05:25.789'),

(971, 199, 98.34, 2, 'Female', '2022-09-10 10:15:35.213'),
(971, 200, 67.45, 4, 'Male', '2023-08-01 12:25:45.456'),
(971, 201, 45.67, 5, 'Other', '2021-07-25 14:35:55.789'),

(972, 202, 120.56, 3, 'Female', '2020-02-28 16:45:05.213'),
(972, 203, 34.12, 1, 'Male', '2024-04-10 18:55:15.456'),
(972, 204, 78.23, 2, 'Other', '2022-10-15 20:05:25.789'),

(973, 205, 95.78, 4, 'Female', '2023-01-28 22:15:35.213'),
(973, 206, 45.67, 5, 'Male', '2021-05-19 08:25:45.456'),
(973, 207, 67.89, 3, 'Other', '2020-08-17 10:35:55.789'),

(974, 208, 34.12, 2, 'Female', '2022-06-12 12:45:05.213'),
(974, 209, 110.56, 4, 'Male', '2023-03-25 14:55:15.456'),
(974, 210, 98.34, 1, 'Other', '2021-12-30 16:05:25.789'),

(975, 211, 78.12, 5, 'Female', '2020-09-10 18:15:35.213'),
(975, 212, 45.67, 3, 'Male', '2024-07-22 20:25:45.456'),
(975, 213, 120.89, 2, 'Other', '2022-05-19 22:35:55.789'),

(976, 214, 60.34, 4, 'Female', '2023-04-28 08:45:05.213'),
(976, 215, 89.78, 5, 'Male', '2021-02-15 10:55:15.456'),
(976, 216, 45.67, 1, 'Other', '2020-11-29 12:05:25.789'),

(977, 217, 34.12, 3, 'Female', '2022-08-11 14:15:35.213'),
(977, 218, 110.45, 2, 'Male', '2023-07-03 16:25:45.456'),
(977, 219, 78.23, 4, 'Other', '2021-04-16 18:35:55.789'),

(978, 220, 98.34, 5, 'Female', '2020-03-22 20:45:05.213'),
(978, 221, 67.45, 1, 'Male', '2024-06-10 22:55:15.456'),
(978, 222, 45.67, 3, 'Other', '2022-11-19 09:05:25.789');

INSERT INTO Reviews (washroomId, reviewId, reviewTimestamp, text) VALUES
(1, 1, '2024-06-20 20:35:31', 'ugly place'),
(1, 2, '2024-06-20 20:35:32', 'this is a great place'),
(2, 3, '2024-06-20 20:35:33', 'very stinky'),
(2, 4, '2024-06-20 20:35:34', 'crazy lady next to me'),
(1, 5, '2024-06-20 20:35:35', 'it was s***'),
(4, 6, '2024-06-20 20:35:36', 'very clean'),
(3, 7, '2024-06-20 20:35:37', 'decent enough'),
(3, 8, '2024-06-20 20:35:38', 'needs more soap'),
(4, 9, '2024-06-20 20:35:39', 'smells good'),
(4, 10, '2024-06-20 20:35:40', 'paper towels everywhere'),
(2, 11, '2024-06-20 20:35:41', 'ran out of toilet paper'),
(2, 12, '2024-06-20 20:35:42', 'too crowded'),
(1, 13, '2024-06-20 20:35:43', 'music was too loud'),
(1, 14, '2024-06-20 20:35:44', 'mirror was cracked'),
(3, 15, '2024-06-20 20:35:45', 'floor was wet'),
(3, 16, '2024-06-20 20:35:46', 'pleasant experience'),
(4, 17, '2024-06-20 20:35:47', 'hand dryer broken'),
(4, 18, '2024-06-20 20:35:48', 'great ambiance'),
(1, 19, '2024-07-01 10:00:00.000', 'new review text');

INSERT INTO Reviews (washroomId, reviewId, reviewTimestamp, text) VALUES (1, 20, '2024-07-05 13:23:24.232', 'someone was eating taco bell');
INSERT INTO Reviews (washroomId, reviewId, reviewTimestamp, text) VALUES (2, 21, '2024-07-06 14:15:45.123', 'too dark inside');
INSERT INTO Reviews (washroomId, reviewId, reviewTimestamp, text) VALUES (3, 22, '2024-07-07 15:05:36.456', 'very clean and neat');
INSERT INTO Reviews (washroomId, reviewId, reviewTimestamp, text) VALUES (4, 23, '2024-07-08 16:23:18.789', 'no toilet paper');
INSERT INTO Reviews (washroomId, reviewId, reviewTimestamp, text) VALUES (5, 24, '2024-07-09 17:45:23.101', 'sinks are clogged');
INSERT INTO Reviews (washroomId, reviewId, reviewTimestamp, text) VALUES (6, 25, '2024-07-10 18:34:12.213', 'smells bad');
INSERT INTO Reviews (washroomId, reviewId, reviewTimestamp, text) VALUES (7, 26, '2024-07-11 19:22:34.314', 'nice music playing');
INSERT INTO Reviews (washroomId, reviewId, reviewTimestamp, text) VALUES (8, 27, '2024-07-12 20:18:47.415', 'very spacious');
INSERT INTO Reviews (washroomId, reviewId, reviewTimestamp, text) VALUES (9, 28, '2024-07-13 21:16:58.516', 'needs better lighting');
INSERT INTO Reviews (washroomId, reviewId, reviewTimestamp, text) VALUES (10, 29, '2024-07-14 22:14:59.617', 'good hand dryers');
INSERT INTO Reviews (washroomId, reviewId, reviewTimestamp, text) VALUES (321, 30, '2024-07-15 23:12:12.718', 'paper towels everywhere');
INSERT INTO Reviews (washroomId, reviewId, reviewTimestamp, text) VALUES (641, 31, '2024-07-16 22:11:23.819', 'water all over the floor');
INSERT INTO Reviews (washroomId, reviewId, reviewTimestamp, text) VALUES (961, 32, '2024-07-17 10:10:10.123', 'ran out of soap');
INSERT INTO Reviews (washroomId, reviewId, reviewTimestamp, text) VALUES (962, 33, '2024-07-18 11:11:11.234', 'mirror was dirty');
INSERT INTO Reviews (washroomId, reviewId, reviewTimestamp, text) VALUES (963, 34, '2024-07-19 12:12:12.345', 'clean and spacious');
INSERT INTO Reviews (washroomId, reviewId, reviewTimestamp, text) VALUES (964, 35, '2024-07-20 13:13:13.456', 'poor ventilation');
INSERT INTO Reviews (washroomId, reviewId, reviewTimestamp, text) VALUES (965, 36, '2024-07-21 14:14:14.567', 'great ambiance');
INSERT INTO Reviews (washroomId, reviewId, reviewTimestamp, text) VALUES (966, 37, '2024-07-22 15:15:15.678', 'very noisy');
INSERT INTO Reviews (washroomId, reviewId, reviewTimestamp, text) VALUES (967, 38, '2024-07-23 16:16:16.789', 'broken hand dryer');
INSERT INTO Reviews (washroomId, reviewId, reviewTimestamp, text) VALUES (968, 39, '2024-07-24 17:17:17.890', 'pleasant smell');
INSERT INTO Reviews (washroomId, reviewId, reviewTimestamp, text) VALUES (969, 40, '2024-07-25 18:18:18.901', 'no soap');
INSERT INTO Reviews (washroomId, reviewId, reviewTimestamp, text) VALUES (970, 41, '2024-07-26 19:19:19.012', 'out of paper towels');
INSERT INTO Reviews (washroomId, reviewId, reviewTimestamp, text) VALUES (971, 42, '2024-07-27 20:20:20.123', 'clean and bright');
INSERT INTO Reviews (washroomId, reviewId, reviewTimestamp, text) VALUES (972, 43, '2024-07-28 21:21:21.234', 'bad odor');
INSERT INTO Reviews (washroomId, reviewId, reviewTimestamp, text) VALUES (973, 44, '2024-07-29 22:22:22.345', 'comfortable and clean');
INSERT INTO Reviews (washroomId, reviewId, reviewTimestamp, text) VALUES (974, 45, '2024-07-30 23:23:23.456', 'wet floor');
INSERT INTO Reviews (washroomId, reviewId, reviewTimestamp, text) VALUES (975, 46, '2024-07-31 08:08:08.567', 'toilet was clogged');
INSERT INTO Reviews (washroomId, reviewId, reviewTimestamp, text) VALUES (976, 47, '2024-08-01 09:09:09.678', 'great experience');
INSERT INTO Reviews (washroomId, reviewId, reviewTimestamp, text) VALUES (978, 49, '2024-08-01 09:15:10.111', 'mirror was cracked');
INSERT INTO Reviews (washroomId, reviewId, reviewTimestamp, text) VALUES (993, 50, '2024-08-01 10:20:11.222', 'too crowded');
INSERT INTO Reviews (washroomId, reviewId, reviewTimestamp, text) VALUES (994, 51, '2024-08-01 11:25:12.333', 'ran out of toilet paper');
INSERT INTO Reviews (washroomId, reviewId, reviewTimestamp, text) VALUES (995, 52, '2024-08-01 12:30:13.444', 'very clean and neat');
INSERT INTO Reviews (washroomId, reviewId, reviewTimestamp, text) VALUES (996, 53, '2024-08-01 13:35:14.555', 'needs more soap');
INSERT INTO Reviews (washroomId, reviewId, reviewTimestamp, text) VALUES (997, 54, '2024-08-01 14:40:15.666', 'smells good');
INSERT INTO Reviews (washroomId, reviewId, reviewTimestamp, text) VALUES (998, 55, '2024-08-01 15:45:16.777', 'paper towels everywhere');
INSERT INTO Reviews (washroomId, reviewId, reviewTimestamp, text) VALUES (999, 56, '2024-08-01 16:50:17.888', 'hand dryer broken');
INSERT INTO Reviews (washroomId, reviewId, reviewTimestamp, text) VALUES (1000, 57, '2024-08-01 17:55:18.999', 'great ambiance');
INSERT INTO Reviews (washroomId, reviewId, reviewTimestamp, text) VALUES (1001, 58, '2024-08-01 18:00:20.111', 'very noisy');
INSERT INTO Reviews (washroomId, reviewId, reviewTimestamp, text) VALUES (1002, 59, '2024-08-01 19:05:21.222', 'broken hand dryer');
INSERT INTO Reviews (washroomId, reviewId, reviewTimestamp, text) VALUES (1003, 60, '2024-08-01 20:10:22.333', 'pleasant smell');
INSERT INTO Reviews (washroomId, reviewId, reviewTimestamp, text) VALUES (1004, 61, '2024-08-01 21:15:23.444', 'no soap');
INSERT INTO Reviews (washroomId, reviewId, reviewTimestamp, text) VALUES (1005, 62, '2024-08-01 22:20:24.555', 'out of paper towels');
INSERT INTO Reviews (washroomId, reviewId, reviewTimestamp, text) VALUES (1006, 63, '2024-08-01 23:25:25.666', 'clean and bright');
INSERT INTO Reviews (washroomId, reviewId, reviewTimestamp, text) VALUES (1009, 64, '2024-08-02 00:30:26.777', 'bad odor');
INSERT INTO Reviews (washroomId, reviewId, reviewTimestamp, text) VALUES (1010, 65, '2024-08-02 01:35:27.888', 'comfortable and clean');
INSERT INTO Reviews (washroomId, reviewId, reviewTimestamp, text) VALUES (1011, 66, '2024-08-02 02:40:28.999', 'wet floor');
INSERT INTO Reviews (washroomId, reviewId, reviewTimestamp, text) VALUES (1012, 67, '2024-08-02 03:45:30.111', 'toilet was clogged');
INSERT INTO Reviews (washroomId, reviewId, reviewTimestamp, text) VALUES (1013, 68, '2024-08-02 04:50:31.222', 'great experience');
INSERT INTO Reviews (washroomId, reviewId, reviewTimestamp, text) VALUES (1014, 69, '2024-08-02 05:55:32.333', 'mirror was cracked');
INSERT INTO Reviews (washroomId, reviewId, reviewTimestamp, text) VALUES (1015, 70, '2024-08-02 06:00:33.444', 'too crowded');
INSERT INTO Reviews (washroomId, reviewId, reviewTimestamp, text) VALUES (1016, 71, '2024-08-02 07:05:34.555', 'ran out of toilet paper');
INSERT INTO Reviews (washroomId, reviewId, reviewTimestamp, text) VALUES (1017, 72, '2024-08-02 08:10:35.666', 'very clean and neat');
INSERT INTO Reviews (washroomId, reviewId, reviewTimestamp, text) VALUES (1018, 73, '2024-08-02 09:15:36.777', 'needs more soap');
INSERT INTO Reviews (washroomId, reviewId, reviewTimestamp, text) VALUES (1019, 74, '2024-08-02 10:20:37.888', 'smells good');
INSERT INTO Reviews (washroomId, reviewId, reviewTimestamp, text) VALUES (1281, 75, '2024-08-02 11:25:38.999', 'paper towels everywhere');
INSERT INTO Reviews (washroomId, reviewId, reviewTimestamp, text) VALUES (1282, 76, '2024-08-02 12:30:40.111', 'hand dryer broken');
INSERT INTO Reviews (washroomId, reviewId, reviewTimestamp, text) VALUES (1283, 77, '2024-08-02 13:35:41.222', 'great ambiance');
INSERT INTO Reviews (washroomId, reviewId, reviewTimestamp, text) VALUES (1284, 78, '2024-08-02 14:40:42.333', 'very noisy');
INSERT INTO Reviews (washroomId, reviewId, reviewTimestamp, text) VALUES (1285, 79, '2024-08-02 15:45:43.444', 'broken hand dryer');
INSERT INTO Reviews (washroomId, reviewId, reviewTimestamp, text) VALUES (1286, 80, '2024-08-02 16:50:44.555', 'pleasant smell');
INSERT INTO Reviews (washroomId, reviewId, reviewTimestamp, text) VALUES (1287, 81, '2024-08-02 17:55:45.666', 'no soap');
INSERT INTO Reviews (washroomId, reviewId, reviewTimestamp, text) VALUES (1288, 82, '2024-08-02 18:00:46.777', 'out of paper towels');
INSERT INTO Reviews (washroomId, reviewId, reviewTimestamp, text) VALUES (1289, 83, '2024-08-02 19:05:47.888', 'clean and bright');
INSERT INTO Reviews (washroomId, reviewId, reviewTimestamp, text) VALUES (1290, 84, '2024-08-02 20:10:48.999', 'bad odor');
INSERT INTO Reviews (washroomId, reviewId, reviewTimestamp, text) VALUES (1601, 85, '2024-08-02 21:15:50.111', 'comfortable and clean');
INSERT INTO Reviews (washroomId, reviewId, reviewTimestamp, text) VALUES (1602, 86, '2024-08-02 22:20:51.222', 'wet floor');
INSERT INTO Reviews (washroomId, reviewId, reviewTimestamp, text) VALUES (1603, 87, '2024-08-02 23:25:52.333', 'toilet was clogged');
INSERT INTO Reviews (washroomId, reviewId, reviewTimestamp, text) VALUES (1604, 88, '2024-08-03 00:30:53.444', 'great experience');
INSERT INTO Reviews (washroomId, reviewId, reviewTimestamp, text) VALUES (1605, 89, '2024-08-03 01:35:54.555', 'mirror was cracked');
INSERT INTO Reviews (washroomId, reviewId, reviewTimestamp, text) VALUES (1606, 90, '2024-08-03 02:40:55.666', 'too crowded');
INSERT INTO Reviews (washroomId, reviewId, reviewTimestamp, text) VALUES (1921, 91, '2024-08-03 03:45:56.777', 'ran out of toilet paper');
INSERT INTO Reviews (washroomId, reviewId, reviewTimestamp, text) VALUES (2241, 92, '2024-08-03 04:50:57.888', 'very clean and neat');
INSERT INTO Reviews (washroomId, reviewId, reviewTimestamp, text) VALUES (2242, 93, '2024-08-03 05:55:58.999', 'needs more soap');
INSERT INTO Reviews (washroomId, reviewId, reviewTimestamp, text) VALUES (2243, 94, '2024-08-03 06:00:59.111', 'smells good');
INSERT INTO Reviews (washroomId, reviewId, reviewTimestamp, text) VALUES (2244, 95, '2024-08-03 07:05:10.222', 'paper towels everywhere');
INSERT INTO Reviews (washroomId, reviewId, reviewTimestamp, text) VALUES (2245, 96, '2024-08-03 08:10:11.333', 'hand dryer broken');
INSERT INTO Reviews (washroomId, reviewId, reviewTimestamp, text) VALUES (2246, 97, '2024-08-03 09:15:12.444', 'great ambiance');
INSERT INTO Reviews (washroomId, reviewId, reviewTimestamp, text) VALUES (2247, 98, '2024-08-03 10:20:13.555', 'very noisy');
INSERT INTO Reviews (washroomId, reviewId, reviewTimestamp, text) VALUES (2248, 99, '2024-08-03 11:25:14.666', 'broken hand dryer');
INSERT INTO Reviews (washroomId, reviewId, reviewTimestamp, text) VALUES (2249, 100, '2024-08-03 12:30:15.777', 'pleasant smell');
INSERT INTO Reviews (washroomId, reviewId, reviewTimestamp, text) VALUES (2250, 101, '2024-08-03 13:35:16.888', 'no soap');
INSERT INTO Reviews (washroomId, reviewId, reviewTimestamp, text) VALUES (2251, 102, '2024-08-03 14:40:17.999', 'out of paper towels');
INSERT INTO Reviews (washroomId, reviewId, reviewTimestamp, text) VALUES (2252, 103, '2024-08-03 15:45:19.111', 'clean and bright');
INSERT INTO Reviews (washroomId, reviewId, reviewTimestamp, text) VALUES (2253, 104, '2024-08-03 16:50:20.222', 'bad odor');
INSERT INTO Reviews (washroomId, reviewId, reviewTimestamp, text) VALUES (2254, 105, '2024-08-03 17:55:21.333', 'comfortable and clean');
INSERT INTO Reviews (washroomId, reviewId, reviewTimestamp, text) VALUES (2255, 106, '2024-08-03 18:00:22.444', 'wet floor');
INSERT INTO Reviews (washroomId, reviewId, reviewTimestamp, text) VALUES (2256, 107, '2024-08-03 19:05:23.555', 'toilet was clogged');
INSERT INTO Reviews (washroomId, reviewId, reviewTimestamp, text) VALUES (2561, 108, '2024-08-03 20:10:24.666', 'great experience');
INSERT INTO Reviews (washroomId, reviewId, reviewTimestamp, text) VALUES (2562, 109, '2024-08-03 21:15:25.777', 'mirror was cracked');
INSERT INTO Reviews (washroomId, reviewId, reviewTimestamp, text) VALUES (2563, 110, '2024-08-03 22:20:26.888', 'too crowded');
INSERT INTO Reviews (washroomId, reviewId, reviewTimestamp, text) VALUES (2564, 111, '2024-08-03 23:25:27.999', 'ran out of toilet paper');
INSERT INTO Reviews (washroomId, reviewId, reviewTimestamp, text) VALUES (2565, 112, '2024-08-04 00:30:29.111', 'very clean and neat');
INSERT INTO Reviews (washroomId, reviewId, reviewTimestamp, text) VALUES (2566, 113, '2024-08-04 01:35:30.222', 'needs more soap');
INSERT INTO Reviews (washroomId, reviewId, reviewTimestamp, text) VALUES (2881, 114, '2024-08-04 02:40:31.333', 'smells good');
INSERT INTO Reviews (washroomId, reviewId, reviewTimestamp, text) VALUES (2882, 115, '2024-08-04 03:45:32.444', 'paper towels everywhere');
INSERT INTO Reviews (washroomId, reviewId, reviewTimestamp, text) VALUES (2883, 116, '2024-08-04 04:50:33.555', 'hand dryer broken');
INSERT INTO Reviews (washroomId, reviewId, reviewTimestamp, text) VALUES (2884, 117, '2024-08-04 05:55:34.666', 'great ambiance');
INSERT INTO Reviews (washroomId, reviewId, reviewTimestamp, text) VALUES (1, 118, '2024-08-04 06:00:35.777', 'very noisy');
INSERT INTO Reviews (washroomId, reviewId, reviewTimestamp, text) VALUES (2, 119, '2024-08-04 07:05:36.888', 'broken hand dryer');
INSERT INTO Reviews (washroomId, reviewId, reviewTimestamp, text) VALUES (3, 120, '2024-08-04 08:10:37.999', 'pleasant smell');
INSERT INTO Reviews (washroomId, reviewId, reviewTimestamp, text) VALUES (4, 121, '2024-08-04 09:15:39.111', 'no soap');
INSERT INTO Reviews (washroomId, reviewId, reviewTimestamp, text) VALUES (5, 122, '2024-08-04 10:20:40.222', 'out of paper towels');
INSERT INTO Reviews (washroomId, reviewId, reviewTimestamp, text) VALUES (6, 123, '2024-08-04 11:25:41.333', 'clean and bright');
INSERT INTO Reviews (washroomId, reviewId, reviewTimestamp, text) VALUES (7, 124, '2024-08-04 12:30:42.444', 'bad odor');
INSERT INTO Reviews (washroomId, reviewId, reviewTimestamp, text) VALUES (8, 125, '2024-08-04 13:35:43.555', 'comfortable and clean');
INSERT INTO Reviews (washroomId, reviewId, reviewTimestamp, text) VALUES (9, 126, '2024-08-04 14:40:44.666', 'wet floor');
INSERT INTO Reviews (washroomId, reviewId, reviewTimestamp, text) VALUES (10, 127, '2024-08-04 15:45:45.777', 'toilet was clogged');
INSERT INTO Reviews (washroomId, reviewId, reviewTimestamp, text) VALUES (321, 128, '2024-08-04 16:50:46.888', 'great experience');
INSERT INTO Reviews (washroomId, reviewId, reviewTimestamp, text) VALUES (641, 129, '2024-08-04 17:55:47.999', 'mirror was cracked');
INSERT INTO Reviews (washroomId, reviewId, reviewTimestamp, text) VALUES (961, 130, '2024-08-04 18:00:49.111', 'too crowded');
INSERT INTO Reviews (washroomId, reviewId, reviewTimestamp, text) VALUES (962, 131, '2024-08-04 19:05:50.222', 'ran out of toilet paper');
INSERT INTO Reviews (washroomId, reviewId, reviewTimestamp, text) VALUES (963, 132, '2024-08-04 20:10:51.333', 'very clean and neat');
INSERT INTO Reviews (washroomId, reviewId, reviewTimestamp, text) VALUES (964, 133, '2024-08-04 21:15:52.444', 'needs more soap');
INSERT INTO Reviews (washroomId, reviewId, reviewTimestamp, text) VALUES (965, 134, '2024-08-04 22:20:53.555', 'smells good');
INSERT INTO Reviews (washroomId, reviewId, reviewTimestamp, text) VALUES (966, 135, '2024-08-04 23:25:54.666', 'paper towels everywhere');
INSERT INTO Reviews (washroomId, reviewId, reviewTimestamp, text) VALUES (1, 136, '2024-08-05 08:30:55.777', 'extremely clean');
INSERT INTO Reviews (washroomId, reviewId, reviewTimestamp, text) VALUES (1, 137, '2024-08-05 09:35:56.888', 'no paper towels');
INSERT INTO Reviews (washroomId, reviewId, reviewTimestamp, text) VALUES (1, 138, '2024-08-05 10:40:57.999', 'excellent facilities');
INSERT INTO Reviews (washroomId, reviewId, reviewTimestamp, text) VALUES (1, 139, '2024-08-05 11:45:59.111', 'needs more frequent cleaning');
INSERT INTO Reviews (washroomId, reviewId, reviewTimestamp, text) VALUES (1, 140, '2024-08-05 12:50:00.222', 'very spacious');
INSERT INTO Reviews (washroomId, reviewId, reviewTimestamp, text) VALUES (1, 141, '2024-08-05 13:55:01.333', 'broken toilet seat');
INSERT INTO Reviews (washroomId, reviewId, reviewTimestamp, text) VALUES (1, 142, '2024-08-05 14:00:02.444', 'not enough lighting');
INSERT INTO Reviews (washroomId, reviewId, reviewTimestamp, text) VALUES (1, 143, '2024-08-05 15:05:03.555', 'mirror was dirty');
INSERT INTO Reviews (washroomId, reviewId, reviewTimestamp, text) VALUES (1, 144, '2024-08-05 16:10:04.666', 'very modern design');

INSERT INTO Reviews (washroomId, reviewId, reviewTimestamp, text) VALUES
(1, 145, '2024-07-15 12:00:00.000', 'dirty sink'),
(1, 146, '2024-07-15 12:01:00.000', 'needs maintenance'),
(1, 147, '2024-07-15 12:02:00.000', 'pleasant smell'),
(1, 148, '2024-07-15 12:03:00.000', 'no soap'),
(1, 149, '2024-07-15 12:04:00.000', 'good experience'),

(2, 150, '2024-07-15 12:05:00.000', 'uncomfortable seats'),
(2, 151, '2024-07-15 12:06:00.000', 'friendly staff'),
(2, 152, '2024-07-15 12:07:00.000', 'clean environment'),
(2, 153, '2024-07-15 12:08:00.000', 'too noisy'),
(2, 154, '2024-07-15 12:09:00.000', 'well-maintained'),

(3, 155, '2024-07-15 12:10:00.000', 'smells bad'),
(3, 156, '2024-07-15 12:11:00.000', 'nice decor'),
(3, 157, '2024-07-15 12:12:00.000', 'no paper towels'),
(3, 158, '2024-07-15 12:13:00.000', 'excellent cleanliness'),
(3, 159, '2024-07-15 12:14:00.000', 'broken door lock'),

(4, 160, '2024-07-15 12:15:00.000', 'great facilities'),
(4, 161, '2024-07-15 12:16:00.000', 'needs air freshener'),
(4, 162, '2024-07-15 12:17:00.000', 'spotless sinks'),
(4, 163, '2024-07-15 12:18:00.000', 'poor lighting'),
(4, 164, '2024-07-15 12:19:00.000', 'nice hand dryers'),

(5, 165, '2024-07-15 12:20:00.000', 'unhygienic conditions'),
(5, 166, '2024-07-15 12:21:00.000', 'comfortable'),
(5, 167, '2024-07-15 12:22:00.000', 'loud music'),
(5, 168, '2024-07-15 12:23:00.000', 'needs better ventilation'),
(5, 169, '2024-07-15 12:24:00.000', 'friendly ambiance'),

(6, 170, '2024-07-15 12:25:00.000', 'satisfactory'),
(6, 171, '2024-07-15 12:26:00.000', 'could be cleaner'),
(6, 172, '2024-07-15 12:27:00.000', 'well-kept'),
(6, 173, '2024-07-15 12:28:00.000', 'unfriendly staff'),
(6, 174, '2024-07-15 12:29:00.000', 'good location'),

(7, 175, '2024-07-15 12:30:00.000', 'messy floor'),
(7, 176, '2024-07-15 12:31:00.000', 'pleasant atmosphere'),
(7, 177, '2024-07-15 12:32:00.000', 'out of order'),
(7, 178, '2024-07-15 12:33:00.000', 'clean mirrors'),
(7, 179, '2024-07-15 12:34:00.000', 'no paper available'),

(8, 180, '2024-07-15 12:35:00.000', 'nice and quiet'),
(8, 181, '2024-07-15 12:36:00.000', 'dirty toilet'),
(8, 182, '2024-07-15 12:37:00.000', 'friendly atmosphere'),
(8, 183, '2024-07-15 12:38:00.000', 'needs repair'),
(8, 184, '2024-07-15 12:39:00.000', 'adequate supplies'),

(9, 185, '2024-07-15 12:40:00.000', 'sufficient soap'),
(9, 186, '2024-07-15 12:41:00.000', 'dirty surroundings'),
(9, 187, '2024-07-15 12:42:00.000', 'nice atmosphere'),
(9, 188, '2024-07-15 12:43:00.000', 'unpleasant odor'),
(9, 189, '2024-07-15 12:44:00.000', 'clean and tidy'),

(10, 190, '2024-07-15 12:45:00.000', 'broken sink'),
(10, 191, '2024-07-15 12:46:00.000', 'friendly staff'),
(10, 192, '2024-07-15 12:47:00.000', 'well-organized'),
(10, 193, '2024-07-15 12:48:00.000', 'no hand dryer'),
(10, 194, '2024-07-15 12:49:00.000', 'pleasant experience'),

(321, 195, '2024-07-15 12:50:00.000', 'dirty floors'),
(321, 196, '2024-07-15 12:51:00.000', 'nice setup'),
(321, 197, '2024-07-15 12:52:00.000', 'needs cleaning'),
(321, 198, '2024-07-15 12:53:00.000', 'friendly environment'),
(321, 199, '2024-07-15 12:54:00.000', 'adequate facilities'),

(641, 200, '2024-07-15 12:55:00.000', 'smelly'),
(641, 201, '2024-07-15 12:56:00.000', 'nice decor'),
(641, 202, '2024-07-15 12:57:00.000', 'broken faucet'),
(641, 203, '2024-07-15 12:58:00.000', 'clean and fresh'),
(641, 204, '2024-07-15 12:59:00.000', 'poor upkeep'),

(961, 205, '2024-07-15 13:00:00.000', 'unhygienic'),
(961, 206, '2024-07-15 13:01:00.000', 'well-maintained'),
(961, 207, '2024-07-15 13:02:00.000', 'pleasant experience'),
(961, 208, '2024-07-15 13:03:00.000', 'friendly staff'),
(961, 209, '2024-07-15 13:04:00.000', 'no toilet paper'),

(962, 210, '2024-07-15 13:05:00.000', 'dirty and smelly'),
(962, 211, '2024-07-15 13:06:00.000', 'clean toilets'),
(962, 212, '2024-07-15 13:07:00.000', 'nice setup'),
(962, 213, '2024-07-15 13:08:00.000', 'broken toilet seat'),
(962, 214, '2024-07-15 13:09:00.000', 'pleasant staff'),

(963, 215, '2024-07-15 13:10:00.000', 'no soap'),
(963, 216, '2024-07-15 13:11:00.000', 'nice smell'),
(963, 217, '2024-07-15 13:12:00.000', 'good maintenance'),
(963, 218, '2024-07-15 13:13:00.000', 'dirty mirrors'),
(963, 219, '2024-07-15 13:14:00.000', 'well-kept'),

(964, 220, '2024-07-15 13:15:00.000', 'bad smell'),
(964, 221, '2024-07-15 13:16:00.000', 'nice and clean'),
(964, 222, '2024-07-15 13:17:00.000', 'friendly environment'),
(964, 223, '2024-07-15 13:18:00.000', 'out of toilet paper'),
(964, 224, '2024-07-15 13:19:00.000', 'well-organized'),

(965, 225, '2024-07-15 13:20:00.000', 'smelly and dirty'),
(965, 226, '2024-07-15 13:21:00.000', 'nice atmosphere'),
(965, 227, '2024-07-15 13:22:00.000', 'needs soap'),
(965, 228, '2024-07-15 13:23:00.000', 'friendly staff'),
(965, 229, '2024-07-15 13:24:00.000', 'good condition'),

(966, 230, '2024-07-15 13:25:00.000', 'needs repair'),
(966, 231, '2024-07-15 13:26:00.000', 'pleasant ambiance'),
(966, 232, '2024-07-15 13:27:00.000', 'broken mirror'),
(966, 233, '2024-07-15 13:28:00.000', 'adequate supplies'),
(966, 234, '2024-07-15 13:29:00.000', 'nice and quiet'),

(967, 235, '2024-07-15 13:30:00.000', 'dirty floors'),
(967, 236, '2024-07-15 13:31:00.000', 'friendly staff'),
(967, 237, '2024-07-15 13:32:00.000', 'well-maintained'),
(967, 238, '2024-07-15 13:33:00.000', 'unpleasant odor'),
(967, 239, '2024-07-15 13:34:00.000', 'good lighting'),

(968, 240, '2024-07-15 13:35:00.000', 'out of order'),
(968, 241, '2024-07-15 13:36:00.000', 'nice hand dryers'),
(968, 242, '2024-07-15 13:37:00.000', 'broken door lock'),
(968, 243, '2024-07-15 13:38:00.000', 'well-organized'),
(968, 244, '2024-07-15 13:39:00.000', 'pleasant smell'),

(969, 245, '2024-07-15 13:40:00.000', 'needs maintenance'),
(969, 246, '2024-07-15 13:41:00.000', 'clean mirrors'),
(969, 247, '2024-07-15 13:42:00.000', 'nice and quiet'),
(969, 248, '2024-07-15 13:43:00.000', 'friendly staff'),
(969, 249, '2024-07-15 13:44:00.000', 'pleasant atmosphere'),

(970, 250, '2024-07-15 13:45:00.000', 'no soap available'),
(970, 251, '2024-07-15 13:46:00.000', 'nice decor'),
(970, 252, '2024-07-15 13:47:00.000', 'adequate facilities'),
(970, 253, '2024-07-15 13:48:00.000', 'unpleasant smell'),
(970, 254, '2024-07-15 13:49:00.000', 'well-maintained'),

(971, 255, '2024-07-15 13:50:00.000', 'needs cleaning'),
(971, 256, '2024-07-15 13:51:00.000', 'friendly environment'),
(971, 257, '2024-07-15 13:52:00.000', 'adequate supplies'),
(971, 258, '2024-07-15 13:53:00.000', 'nice and clean'),
(971, 259, '2024-07-15 13:54:00.000', 'poor lighting'),

(972, 260, '2024-07-15 13:55:00.000', 'dirty sink'),
(972, 261, '2024-07-15 13:56:00.000', 'pleasant smell'),
(972, 262, '2024-07-15 13:57:00.000', 'friendly staff'),
(972, 263, '2024-07-15 13:58:00.000', 'needs repair'),
(972, 264, '2024-07-15 13:59:00.000', 'well-organized'),

(973, 265, '2024-07-15 14:00:00.000', 'unhygienic conditions'),
(973, 266, '2024-07-15 14:01:00.000', 'nice setup'),
(973, 267, '2024-07-15 14:02:00.000', 'needs air freshener'),
(973, 268, '2024-07-15 14:03:00.000', 'clean mirrors'),
(973, 269, '2024-07-15 14:04:00.000', 'pleasant staff'),

(974, 270, '2024-07-15 14:05:00.000', 'good lighting'),
(974, 271, '2024-07-15 14:06:00.000', 'dirty floors'),
(974, 272, '2024-07-15 14:07:00.000', 'well-kept'),
(974, 273, '2024-07-15 14:08:00.000', 'friendly environment'),
(974, 274, '2024-07-15 14:09:00.000', 'pleasant smell'),

(975, 275, '2024-07-15 14:10:00.000', 'no paper towels'),
(975, 276, '2024-07-15 14:11:00.000', 'nice hand dryers'),
(975, 277, '2024-07-15 14:12:00.000', 'adequate facilities'),
(975, 278, '2024-07-15 14:13:00.000', 'unpleasant smell'),
(975, 279, '2024-07-15 14:14:00.000', 'friendly atmosphere'),

(976, 280, '2024-07-15 14:15:00.000', 'broken faucet'),
(976, 281, '2024-07-15 14:16:00.000', 'clean and fresh'),
(976, 282, '2024-07-15 14:17:00.000', 'poor upkeep'),
(976, 283, '2024-07-15 14:18:00.000', 'nice decor'),
(976, 284, '2024-07-15 14:19:00.000', 'friendly staff'),

(977, 285, '2024-07-15 14:20:00.000', 'unpleasant odor'),
(977, 286, '2024-07-15 14:21:00.000', 'well-maintained'),
(977, 287, '2024-07-15 14:22:00.000', 'pleasant experience'),
(977, 288, '2024-07-15 14:23:00.000', 'friendly staff'),
(977, 289, '2024-07-15 14:24:00.000', 'no toilet paper'),

(978, 290, '2024-07-15 14:25:00.000', 'adequate supplies'),
(978, 291, '2024-07-15 14:26:00.000', 'nice setup'),
(978, 292, '2024-07-15 14:27:00.000', 'needs cleaning'),
(978, 293, '2024-07-15 14:28:00.000', 'friendly staff'),
(978, 294, '2024-07-15 14:29:00.000', 'well-kept'),

(993, 295, '2024-07-15 14:30:00.000', 'smelly and dirty'),
(993, 296, '2024-07-15 14:31:00.000', 'nice atmosphere'),
(993, 297, '2024-07-15 14:32:00.000', 'needs soap'),
(993, 298, '2024-07-15 14:33:00.000', 'friendly staff'),
(993, 299, '2024-07-15 14:34:00.000', 'good condition'),

(994, 300, '2024-07-15 14:35:00.000', 'needs repair'),
(994, 301, '2024-07-15 14:36:00.000', 'pleasant ambiance'),
(994, 302, '2024-07-15 14:37:00.000', 'broken mirror'),
(994, 303, '2024-07-15 14:38:00.000', 'adequate supplies'),
(994, 304, '2024-07-15 14:39:00.000', 'nice and quiet'),

(995, 305, '2024-07-15 14:40:00.000', 'dirty floors'),
(995, 306, '2024-07-15 14:41:00.000', 'friendly staff'),
(995, 307, '2024-07-15 14:42:00.000', 'well-maintained'),
(995, 308, '2024-07-15 14:43:00.000', 'unpleasant odor'),
(995, 309, '2024-07-15 14:44:00.000', 'good lighting'),

(996, 310, '2024-07-15 14:45:00.000', 'out of order'),
(996, 311, '2024-07-15 14:46:00.000', 'nice hand dryers'),
(996, 312, '2024-07-15 14:47:00.000', 'broken door lock'),
(996, 313, '2024-07-15 14:48:00.000', 'well-organized'),
(996, 314, '2024-07-15 14:49:00.000', 'pleasant smell'),

(997, 315, '2024-07-15 14:50:00.000', 'needs maintenance'),
(997, 316, '2024-07-15 14:51:00.000', 'clean mirrors'),
(997, 317, '2024-07-15 14:52:00.000', 'nice and quiet'),
(997, 318, '2024-07-15 14:53:00.000', 'friendly staff'),
(997, 319, '2024-07-15 14:54:00.000', 'pleasant atmosphere'),

(998, 320, '2024-07-15 14:55:00.000', 'no soap available'),
(998, 321, '2024-07-15 14:56:00.000', 'nice decor'),
(998, 322, '2024-07-15 14:57:00.000', 'adequate facilities'),
(998, 323, '2024-07-15 14:58:00.000', 'unpleasant smell'),
(998, 324, '2024-07-15 14:59:00.000', 'well-maintained'),

(999, 325, '2024-07-15 15:00:00.000', 'needs cleaning'),
(999, 326, '2024-07-15 15:01:00.000', 'friendly environment'),
(999, 327, '2024-07-15 15:02:00.000', 'adequate supplies'),
(999, 328, '2024-07-15 15:03:00.000', 'nice and clean'),
(999, 329, '2024-07-15 15:04:00.000', 'poor lighting'),

(1000, 330, '2024-07-15 15:05:00.000', 'dirty sink'),
(1000, 331, '2024-07-15 15:06:00.000', 'pleasant smell'),
(1000, 332, '2024-07-15 15:07:00.000', 'friendly staff'),
(1000, 333, '2024-07-15 15:08:00.000', 'needs repair'),
(1000, 334, '2024-07-15 15:09:00.000', 'well-organized'),

(1001, 335, '2024-07-15 15:10:00.000', 'unhygienic conditions'),
(1001, 336, '2024-07-15 15:11:00.000', 'nice setup'),
(1001, 337, '2024-07-15 15:12:00.000', 'needs air freshener'),
(1001, 338, '2024-07-15 15:13:00.000', 'clean mirrors'),
(1001, 339, '2024-07-15 15:14:00.000', 'pleasant staff'),

(1002, 340, '2024-07-15 15:15:00.000', 'good lighting'),
(1002, 341, '2024-07-15 15:16:00.000', 'dirty floors'),
(1002, 342, '2024-07-15 15:17:00.000', 'well-kept'),
(1002, 343, '2024-07-15 15:18:00.000', 'friendly environment'),
(1002, 344, '2024-07-15 15:19:00.000', 'pleasant smell'),

(1003, 345, '2024-07-15 15:20:00.000', 'no paper towels'),
(1003, 346, '2024-07-15 15:21:00.000', 'nice hand dryers'),
(1003, 347, '2024-07-15 15:22:00.000', 'adequate facilities'),
(1003, 348, '2024-07-15 15:23:00.000', 'unpleasant smell'),
(1003, 349, '2024-07-15 15:24:00.000', 'friendly atmosphere'),

(1004, 350, '2024-07-15 15:25:00.000', 'broken faucet'),
(1004, 351, '2024-07-15 15:26:00.000', 'clean and fresh'),
(1004, 352, '2024-07-15 15:27:00.000', 'poor upkeep'),
(1004, 353, '2024-07-15 15:28:00.000', 'nice decor'),
(1004, 354, '2024-07-15 15:29:00.000', 'friendly staff'),

(1005, 355, '2024-07-15 15:30:00.000', 'unpleasant odor'),
(1005, 356, '2024-07-15 15:31:00.000', 'well-maintained'),
(1005, 357, '2024-07-15 15:32:00.000', 'pleasant experience'),
(1005, 358, '2024-07-15 15:33:00.000', 'friendly staff'),
(1005, 359, '2024-07-15 15:34:00.000', 'no toilet paper'),

(1006, 360, '2024-07-15 15:35:00.000', 'adequate supplies'),
(1006, 361, '2024-07-15 15:36:00.000', 'nice setup'),
(1006, 362, '2024-07-15 15:37:00.000', 'needs cleaning'),
(1006, 363, '2024-07-15 15:38:00.000', 'friendly staff'),
(1006, 364, '2024-07-15 15:39:00.000', 'well-kept'),

(1009, 365, '2024-07-15 15:40:00.000', 'smelly and dirty'),
(1009, 366, '2024-07-15 15:41:00.000', 'nice atmosphere'),
(1009, 367, '2024-07-15 15:42:00.000', 'needs soap'),
(1009, 368, '2024-07-15 15:43:00.000', 'friendly staff'),
(1009, 369, '2024-07-15 15:44:00.000', 'good condition'),

(1010, 370, '2024-07-15 15:45:00.000', 'needs repair'),
(1010, 371, '2024-07-15 15:46:00.000', 'pleasant ambiance'),
(1010, 372, '2024-07-15 15:47:00.000', 'broken mirror'),
(1010, 373, '2024-07-15 15:48:00.000', 'adequate supplies'),
(1010, 374, '2024-07-15 15:49:00.000', 'nice and quiet'),

(1011, 375, '2024-07-15 15:50:00.000', 'dirty floors'),
(1011, 376, '2024-07-15 15:51:00.000', 'friendly staff'),
(1011, 377, '2024-07-15 15:52:00.000', 'well-maintained'),
(1011, 378, '2024-07-15 15:53:00.000', 'unpleasant odor'),
(1011, 379, '2024-07-15 15:54:00.000', 'good lighting'),

(1012, 380, '2024-07-15 15:55:00.000', 'out of order'),
(1012, 381, '2024-07-15 15:56:00.000', 'nice hand dryers'),
(1012, 382, '2024-07-15 15:57:00.000', 'broken door lock'),
(1012, 383, '2024-07-15 15:58:00.000', 'well-organized'),
(1012, 384, '2024-07-15 15:59:00.000', 'pleasant smell'),

(1013, 385, '2024-07-15 16:00:00.000', 'needs maintenance'),
(1013, 386, '2024-07-15 16:01:00.000', 'clean mirrors'),
(1013, 387, '2024-07-15 16:02:00.000', 'nice and quiet'),
(1013, 388, '2024-07-15 16:03:00.000', 'friendly staff'),
(1013, 389, '2024-07-15 16:04:00.000', 'pleasant atmosphere'),

(1014, 390, '2024-07-15 16:05:00.000', 'no soap available'),
(1014, 391, '2024-07-15 16:06:00.000', 'nice decor'),
(1014, 392, '2024-07-15 16:07:00.000', 'adequate facilities'),
(1014, 393, '2024-07-15 16:08:00.000', 'unpleasant smell'),
(1014, 394, '2024-07-15 16:09:00.000', 'well-maintained'),

(1015, 395, '2024-07-15 16:10:00.000', 'needs cleaning'),
(1015, 396, '2024-07-15 16:11:00.000', 'friendly environment'),
(1015, 397, '2024-07-15 16:12:00.000', 'adequate supplies'),
(1015, 398, '2024-07-15 16:13:00.000', 'nice and clean'),
(1015, 399, '2024-07-15 16:14:00.000', 'poor lighting'),

(1016, 400, '2024-07-15 16:15:00.000', 'dirty sink'),
(1016, 401, '2024-07-15 16:16:00.000', 'pleasant smell'),
(1016, 402, '2024-07-15 16:17:00.000', 'friendly staff'),
(1016, 403, '2024-07-15 16:18:00.000', 'needs repair'),
(1016, 404, '2024-07-15 16:19:00.000', 'well-organized'),

(1017, 405, '2024-07-15 16:20:00.000', 'unhygienic conditions'),
(1017, 406, '2024-07-15 16:21:00.000', 'nice setup'),
(1017, 407, '2024-07-15 16:22:00.000', 'needs air freshener'),
(1017, 408, '2024-07-15 16:23:00.000', 'clean mirrors'),
(1017, 409, '2024-07-15 16:24:00.000', 'pleasant staff'),

(1018, 410, '2024-07-15 16:25:00.000', 'good lighting'),
(1018, 411, '2024-07-15 16:26:00.000', 'dirty floors'),
(1018, 412, '2024-07-15 16:27:00.000', 'well-kept'),
(1018, 413, '2024-07-15 16:28:00.000', 'friendly environment'),
(1018, 414, '2024-07-15 16:29:00.000', 'pleasant smell'),

(1019, 415, '2024-07-15 16:30:00.000', 'no paper towels'),
(1019, 416, '2024-07-15 16:31:00.000', 'nice hand dryers'),
(1019, 417, '2024-07-15 16:32:00.000', 'adequate facilities'),
(1019, 418, '2024-07-15 16:33:00.000', 'unpleasant smell'),
(1019, 419, '2024-07-15 16:34:00.000', 'friendly atmosphere');